[
    {
        "\ufeffAge": "39",
        "Job Type": " State-gov",
        "Final Weight": "77516",
        "Education": " Bachelors",
        "Education Number": "13",
        "Marital Status": " Never-married",
        "Job Title": " Adm-clerical",
        "Relationship": " Not-in-family",
        "Race": " White",
        "Gender": " Male",
        "Capital Gain": "2174",
        "Capital Loss": "0",
        "Hours per week": "40",
        "Country": " United-States",
        "Income": " <=50K"
    },
    {
        "\ufeffAge": "50",
        "Job Type": " Self-emp-not-inc",
        "Final Weight": "83311",
        "Education": " Bachelors",
        "Education Number": "13",
        "Marital Status": " Married-civ-spouse",
        "Job Title": " Exec-managerial",
        "Relationship": " Husband",
        "Race": " White",
        "Gender": " Male",
        "Capital Gain": "0",
        "Capital Loss": "0",
        "Hours per week": "13",
        "Country": " United-States",
        "Income": " <=50K"
    },
    {
        "\ufeffAge": "38",
        "Job Type": " Private",
        "Final Weight": "215646",
        "Education": " HS-grad",
        "Education Number": "9",
        "Marital Status": " Divorced",
        "Job Title": " Handlers-cleaners",
        "Relationship": " Not-in-family",
        "Race": " White",
        "Gender": " Male",
        "Capital Gain": "0",
        "Capital Loss": "0",
        "Hours per week": "40",
        "Country": " United-States",
        "Income": " <=50K"
    },
    {
        "\ufeffAge": "53",
        "Job Type": " Private",
        "Final Weight": "234721",
        "Education": " 11th",
        "Education Number": "7",
        "Marital Status": " Married-civ-spouse",
        "Job Title": " Handlers-cleaners",
        "Relationship": " Husband",
        "Race": " Black",
        "Gender": " Male",
        "Capital Gain": "0",
        "Capital Loss": "0",
        "Hours per week": "40",
        "Country": " United-States",
        "Income": " <=50K"
    },
    {
        "\ufeffAge": "28",
        "Job Type": " Private",
        "Final Weight": "338409",
        "Education": " Bachelors",
        "Education Number": "13",
        "Marital Status": " Married-civ-spouse",
        "Job Title": " Prof-specialty",
        "Relationship": " Wife",
        "Race": " Black",
        "Gender": " Female",
        "Capital Gain": "0",
        "Capital Loss": "0",
        "Hours per week": "40",
        "Country": " Cuba",
        "Income": " <=50K"
    },
    {
        "\ufeffAge": "37",
        "Job Type": " Private",
        "Final Weight": "284582",
        "Education": " Masters",
        "Education Number": "14",
        "Marital Status": " Married-civ-spouse",
        "Job Title": " Exec-managerial",
        "Relationship": " Wife",
        "Race": " White",
        "Gender": " Female",
        "Capital Gain": "0",
        "Capital Loss": "0",
        "Hours per week": "40",
        "Country": " United-States",
        "Income": " <=50K"
    },
    {
        "\ufeffAge": "49",
        "Job Type": " Private",
        "Final Weight": "160187",
        "Education": " 9th",
        "Education Number": "5",
        "Marital Status": " Married-spouse-absent",
        "Job Title": " Other-service",
        "Relationship": " Not-in-family",
        "Race": " Black",
        "Gender": " Female",
        "Capital Gain": "0",
        "Capital Loss": "0",
        "Hours per week": "16",
        "Country": " Jamaica",
        "Income": " <=50K"
    },
    {
        "\ufeffAge": "52",
        "Job Type": " Self-emp-not-inc",
        "Final Weight": "209642",
        "Education": " HS-grad",
        "Education Number": "9",
        "Marital Status": " Married-civ-spouse",
        "Job Title": " Exec-managerial",
        "Relationship": " Husband",
        "Race": " White",
        "Gender": " Male",
        "Capital Gain": "0",
        "Capital Loss": "0",
        "Hours per week": "45",
        "Country": " United-States",
        "Income": " >50K"
    },
    {
        "\ufeffAge": "31",
        "Job Type": " Private",
        "Final Weight": "45781",
        "Education": " Masters",
        "Education Number": "14",
        "Marital Status": " Never-married",
        "Job Title": " Prof-specialty",
        "Relationship": " Not-in-family",
        "Race": " White",
        "Gender": " Female",
        "Capital Gain": "14084",
        "Capital Loss": "0",
        "Hours per week": "50",
        "Country": " United-States",
        "Income": " >50K"
    }
]